VN_01_00_0005_01_01	/dragennfs/area1/analysis/190610_A00858_0010_AHLHLYDSXX/
VN_01_00_0012_01_01	/dragennfs/area1/analysis/190610_A00858_0010_AHLHLYDSXX/
VN_01_00_0015_01_01	/dragennfs/area5/analysis/200113_A00858_0024_AHYCGTDSXX/
VN_01_00_0016_01_01	/dragennfs/area5/analysis/200113_A00858_0024_AHYCGTDSXX/
VN_01_01_0018_01_01	/dragennfs/area5/analysis/200113_A00858_0024_AHYCGTDSXX/
VN_01_00_0019_03_01	/dragennfs/area5/analysis/200113_A00858_0024_AHYCGTDSXX/
VN_01_00_0020_01_01	/dragennfs/area5/analysis/200113_A00858_0024_AHYCGTDSXX/
VN_01_00_0021_01_01	/dragennfs/area5/analysis/200113_A00858_0025_BH2KG7DSXY/
VN_01_00_0022_01_01	/dragennfs/area1/analysis/190724_A00858_0011_AHLW7NDSXX/
VN_01_00_0023_01_01	/dragennfs/area5/analysis/200113_A00858_0025_BH2KG7DSXY/
VN_01_00_0024_03_01	/dragennfs/area5/analysis/200113_A00858_0025_BH2KG7DSXY/
VN_01_00_0025_01_01	/dragennfs/area5/analysis/200113_A00858_0025_BH2KG7DSXY/
VN_01_01_0026_03_01	/dragennfs/area5/analysis/200113_A00858_0025_BH2KG7DSXY/
VN_01_00_0027_01_01	/dragennfs/area1/analysis/190724_A00858_0011_AHLW7NDSXX/
VN_01_00_0028_01_01	/dragennfs/area1/analysis/190724_A00858_0011_AHLW7NDSXX/
VN_01_00_0029_01_01	/dragennfs/area5/analysis/200113_A00858_0025_BH2KG7DSXY/
VN_01_00_0030_01_01	/dragennfs/area5/analysis/200113_A00858_0025_BH2KG7DSXY/
VN_01_00_0031_03_01	/dragennfs/area5/analysis/200113_A00858_0025_BH2KG7DSXY/
VN_01_00_0032_01_01	/dragennfs/area5/analysis/200113_A00858_0025_BH2KG7DSXY/
VN_01_01_0033_01_01	/dragennfs/area5/analysis/200113_A00858_0025_BH2KG7DSXY/
VN_01_00_0034_03_01	/dragennfs/area5/analysis/200113_A00858_0025_BH2KG7DSXY/
VN_01_00_0035_01_01	/dragennfs/area5/analysis/200113_A00858_0025_BH2KG7DSXY/
VN_01_00_0036_01_01	/dragennfs/area1/analysis/190724_A00858_0011_AHLW7NDSXX/
VN_01_01_0037_01_01	/dragennfs/area5/analysis/200113_A00858_0025_BH2KG7DSXY/
VN_01_01_0038_01_01	/dragennfs/area5/analysis/200113_A00858_0025_BH2KG7DSXY/
VN_01_01_0039_01_01	/dragennfs/area5/analysis/200113_A00858_0025_BH2KG7DSXY/
VN_01_01_0040_01_01	/dragennfs/area5/analysis/200113_A00858_0025_BH2KG7DSXY/
VN_01_00_0041_01_01	/dragennfs/area5/analysis/200113_A00858_0025_BH2KG7DSXY/
VN_01_00_0042_01_01	/dragennfs/area1/analysis/190724_A00858_0011_AHLW7NDSXX/
VN_01_00_0043_01_01	/dragennfs/area1/analysis/190724_A00858_0011_AHLW7NDSXX/
VN_01_01_0044_01_01	/dragennfs/area5/analysis/200113_A00858_0025_BH2KG7DSXY/
VN_01_01_0045_01_01	/dragennfs/area5/analysis/200113_A00858_0025_BH2KG7DSXY/
VN_01_01_0046_01_01	/dragennfs/area10/analysis/200425_A00858_0035_AH5WYYDSXY/
VN_01_01_0048_01_01	/dragennfs/area1/analysis/190724_A00858_0011_AHLW7NDSXX/
VN_01_01_0049_01_01	/dragennfs/area1/analysis/190724_A00858_0011_AHLW7NDSXX/
VN_01_00_0050_03_01	/dragennfs/area9/analysis/200227_A00858_0029_AHYKFHDSXX/
VN_01_01_0051_01_01	/dragennfs/area5/analysis/200113_A00858_0025_BH2KG7DSXY/
VN_01_01_0052_01_01	/dragennfs/area1/analysis/190724_A00858_0011_AHLW7NDSXX/
VN_01_01_0053_01_01	/dragennfs/area5/analysis/200113_A00858_0025_BH2KG7DSXY/
VN_01_01_0054_01_01	/dragennfs/area5/analysis/200113_A00858_0025_BH2KG7DSXY/
VN_01_00_0055_01_01	/dragennfs/area9/analysis/200131_A00858_0027_AH2K3CDSXY/
VN_01_00_0056_01_01	/dragennfs/area10/analysis/200409_A00858_0034_AH7CL5DSXY/
VN_01_01_0057_02_01	/dragennfs/area9/analysis/200131_A00858_0027_AH2K3CDSXY/
VN_01_00_0061_02_01	/dragennfs/area9/analysis/200131_A00858_0027_AH2K3CDSXY/
VN_01_00_0063_02_01	/dragennfs/area9/analysis/200131_A00858_0027_AH2K3CDSXY/
VN_01_00_0066_02_01	/dragennfs/area9/analysis/200131_A00858_0027_AH2K3CDSXY/
VN_01_00_0067_01_01	/dragennfs/area9/analysis/200131_A00858_0027_AH2K3CDSXY/
VN_01_00_0068_02_01	/dragennfs/area9/analysis/200131_A00858_0027_AH2K3CDSXY/
VN_01_00_0069_02_01	/dragennfs/area9/analysis/200131_A00858_0027_AH2K3CDSXY/
VN_01_00_0073_02_01	/dragennfs/area9/analysis/200131_A00858_0027_AH2K3CDSXY/
VN_01_01_0074_01_01	/dragennfs/area1/analysis/190724_A00858_0011_AHLW7NDSXX/
VN_01_00_0075_02_01	/dragennfs/area9/analysis/200131_A00858_0027_AH2K3CDSXY/
VN_01_01_0076_02_01	/dragennfs/area9/analysis/200131_A00858_0027_AH2K3CDSXY/
VN_01_00_0078_02_01	/dragennfs/area9/analysis/200131_A00858_0027_AH2K3CDSXY/
VN_01_00_0079_02_01	/dragennfs/area9/analysis/200131_A00858_0027_AH2K3CDSXY/
VN_01_00_0080_02_01	/dragennfs/area9/analysis/200131_A00858_0027_AH2K3CDSXY/
VN_01_00_0081_02_01	/dragennfs/area9/analysis/200131_A00858_0027_AH2K3CDSXY/
VN_01_00_0082_01_01	/dragennfs/area10/analysis/200409_A00858_0034_AH7CL5DSXY/
VN_01_00_0083_01_01	/dragennfs/area9/analysis/200131_A00858_0027_AH2K3CDSXY/
VN_01_01_0084_01_01	/dragennfs/area9/analysis/200131_A00858_0027_AH2K3CDSXY/
VN_01_00_0085_02_01	/dragennfs/area9/analysis/200131_A00858_0027_AH2K3CDSXY/
VN_01_00_0086_01_01	/dragennfs/area9/analysis/200131_A00858_0027_AH2K3CDSXY/
VN_01_00_0087_02_01	/dragennfs/area9/analysis/200131_A00858_0027_AH2K3CDSXY/
VN_01_00_0088_01_01	/dragennfs/area9/analysis/200131_A00858_0026_BH2HV5DSXY/
VN_01_00_0089_01_01	/dragennfs/area9/analysis/200131_A00858_0026_BH2HV5DSXY/
VN_01_00_0090_02_01	/dragennfs/area4/analysis/200530_A00858_0041_AH5WFYDSXY/
VN_01_00_0091_01_01	/dragennfs/area9/analysis/200131_A00858_0026_BH2HV5DSXY/
VN_01_00_0092_02_01	/dragennfs/area9/analysis/200131_A00858_0026_BH2HV5DSXY/
VN_01_01_0096_01_01	/dragennfs/area9/analysis/200131_A00858_0026_BH2HV5DSXY/
VN_01_00_0097_01_01	/dragennfs/area9/analysis/200131_A00858_0026_BH2HV5DSXY/
VN_01_00_0098_01_01	/dragennfs/area2/analysis/190802_A00858_0012_BHLYCKDSXX/
VN_01_01_0100_01_01	/dragennfs/area9/analysis/200131_A00858_0026_BH2HV5DSXY/
VN_02_00_0101_01_01	/dragennfs/area9/analysis/200131_A00858_0026_BH2HV5DSXY/
VN_02_00_0102_01_01	/dragennfs/area9/analysis/200227_A00858_0029_AHYKFHDSXX/
VN_02_00_0103_01_01	/dragennfs/area9/analysis/200227_A00858_0029_AHYKFHDSXX/
VN_02_00_0104_01_01	/dragennfs/area10/analysis/200425_A00858_0035_AH5WYYDSXY/
VN_02_01_0105_01_01	/dragennfs/area9/analysis/200131_A00858_0026_BH2HV5DSXY/
VN_02_00_0106_01_01	/dragennfs/area4/analysis/200530_A00858_0041_AH5WFYDSXY/
VN_02_00_0107_01_01	/dragennfs/area9/analysis/200131_A00858_0026_BH2HV5DSXY/
VN_02_01_0108_01_01	/dragennfs/area9/analysis/200131_A00858_0026_BH2HV5DSXY/
VN_02_00_0109_01_01	/dragennfs/area9/analysis/200131_A00858_0026_BH2HV5DSXY/
VN_02_01_0110_01_01	/dragennfs/area9/analysis/200131_A00858_0026_BH2HV5DSXY/
VN_02_01_0111_01_01	/dragennfs/area9/analysis/200131_A00858_0026_BH2HV5DSXY/
VN_02_00_0113_01_01	/dragennfs/area9/analysis/200227_A00858_0029_AHYKFHDSXX/
VN_02_01_0115_01_01	/dragennfs/area9/analysis/200227_A00858_0029_AHYKFHDSXX/
VN_03_00_0117_01_01	/dragennfs/area10/analysis/200409_A00858_0033_BH7CKYDSXY/
VN_03_01_0118_01_01	/dragennfs/area10/analysis/200425_A00858_0035_AH5WYYDSXY/
VN_03_00_0121_01_01	/dragennfs/area9/analysis/200227_A00858_0029_AHYKFHDSXX/
VN_03_00_0125_01_01	/dragennfs/area9/analysis/200227_A00858_0029_AHYKFHDSXX/
VN_03_01_0126_01_01	/dragennfs/area9/analysis/200227_A00858_0029_AHYKFHDSXX/
VN_01_00_0128_01_01	/dragennfs/area2/analysis/190917_A00858_0013_BHLV55DSXX/
VN_01_00_0129_01_01	/dragennfs/area2/analysis/190917_A00858_0013_BHLV55DSXX/
VN_01_00_0130_01_01	/dragennfs/area2/analysis/190917_A00858_0013_BHLV55DSXX/
VN_01_01_0131_01_01	/dragennfs/area2/analysis/190917_A00858_0013_BHLV55DSXX/
VN_02_01_0135_01_01	/dragennfs/area2/analysis/190917_A00858_0013_BHLV55DSXX/
VN_03_00_0136_01_01	/dragennfs/area2/analysis/190917_A00858_0013_BHLV55DSXX/
VN_01_00_0144_01_01	/dragennfs/area3/analysis/191227_A00858_0021_BHTL77DSXX/
VN_01_00_0146_01_01	/dragennfs/area9/analysis/200227_A00858_0029_AHYKFHDSXX/
VN_01_00_0148_01_01	/dragennfs/area9/analysis/200227_A00858_0029_AHYKFHDSXX/
VN_01_00_0149_01_01	/dragennfs/area3/analysis/191227_A00858_0021_BHTL77DSXX/
VN_01_01_0150_01_01	/dragennfs/area9/analysis/200227_A00858_0029_AHYKFHDSXX/
VN_01_00_0151_01_01	/dragennfs/area9/analysis/200227_A00858_0029_AHYKFHDSXX/
VN_01_00_0152_01_01	/dragennfs/area3/analysis/191218_A00858_0020_BHWTJ7DSXX/
VN_01_00_0153_01_01	/dragennfs/area9/analysis/200227_A00858_0029_AHYKFHDSXX/
VN_01_01_0154_01_01	/dragennfs/area9/analysis/200227_A00858_0029_AHYKFHDSXX/
VN_01_00_0156_01_01	/dragennfs/area10/analysis/200409_A00858_0033_BH7CKYDSXY/
VN_01_00_0157_01_01	/dragennfs/area9/analysis/200227_A00858_0029_AHYKFHDSXX/
VN_01_00_0158_01_01	/dragennfs/area3/analysis/191218_A00858_0020_BHWTJ7DSXX/
VN_01_00_0159_01_01	/dragennfs/area3/analysis/191218_A00858_0020_BHWTJ7DSXX/
VN_01_01_0160_01_01	/dragennfs/area9/analysis/200227_A00858_0029_AHYKFHDSXX/
VN_01_00_0161_01_01	/dragennfs/area10/analysis/200409_A00858_0033_BH7CKYDSXY/
VN_01_01_0162_01_01	/dragennfs/area4/analysis/200525_A00858_0040_AH5WTFDSXY/
VN_01_00_0163_01_01	/dragennfs/area3/analysis/191218_A00858_0020_BHWTJ7DSXX/
VN_01_00_0164_01_01	/dragennfs/area3/analysis/191218_A00858_0020_BHWTJ7DSXX/
VN_01_01_0165_01_01	/dragennfs/area9/analysis/200227_A00858_0029_AHYKFHDSXX/
VN_01_00_0166_01_01	/dragennfs/area9/analysis/200227_A00858_0030_BHY7KHDSXX/
VN_01_00_0167_01_01	/dragennfs/area3/analysis/191218_A00858_0020_BHWTJ7DSXX/
VN_01_00_0168_01_01	/dragennfs/area9/analysis/200227_A00858_0030_BHY7KHDSXX/
VN_01_00_0169_01_01	/dragennfs/area4/analysis/200530_A00858_0041_AH5WFYDSXY/
VN_01_00_0170_01_01	/dragennfs/area9/analysis/200227_A00858_0030_BHY7KHDSXX/
VN_01_00_0171_01_01	/dragennfs/area3/analysis/191218_A00858_0020_BHWTJ7DSXX/
VN_03_00_0172_01_01	/dragennfs/area9/analysis/200227_A00858_0030_BHY7KHDSXX/
VN_03_00_0173_01_01	/dragennfs/area9/analysis/200227_A00858_0030_BHY7KHDSXX/
VN_03_01_0174_01_01	/dragennfs/area9/analysis/200227_A00858_0030_BHY7KHDSXX/
VN_03_00_0175_01_01	/dragennfs/area10/analysis/200425_A00858_0035_AH5WYYDSXY/
VN_03_00_0178_01_01	/dragennfs/area9/analysis/200227_A00858_0030_BHY7KHDSXX/
VN_01_00_0180_01_01	/dragennfs/area3/analysis/191121_A00858_0016_BHLYCGDSXX/
VN_01_01_0181_02_01	/dragennfs/area9/analysis/200227_A00858_0030_BHY7KHDSXX/
VN_01_00_0183_01_01	/dragennfs/area9/analysis/200227_A00858_0030_BHY7KHDSXX/
VN_01_01_0184_01_01	/dragennfs/area3/analysis/191121_A00858_0016_BHLYCGDSXX/
VN_01_00_0185_01_01	/dragennfs/area3/analysis/191121_A00858_0016_BHLYCGDSXX/
VN_01_01_0187_01_01	/dragennfs/area3/analysis/191121_A00858_0016_BHLYCGDSXX/
VN_01_00_0188_02_01	/dragennfs/area10/analysis/200409_A00858_0034_AH7CL5DSXY/
VN_03_01_0189_02_01	/dragennfs/area9/analysis/200227_A00858_0030_BHY7KHDSXX/
VN_03_00_0190_03_01	/dragennfs/area9/analysis/200227_A00858_0030_BHY7KHDSXX/
VN_03_00_0191_02_01	/dragennfs/area10/analysis/200425_A00858_0035_AH5WYYDSXY/
VN_03_00_0192_02_01	/dragennfs/area9/analysis/200227_A00858_0030_BHY7KHDSXX/
VN_03_00_0193_01_01	/dragennfs/area10/analysis/200425_A00858_0035_AH5WYYDSXY/
VN_03_00_0194_02_01	/dragennfs/area9/analysis/200227_A00858_0030_BHY7KHDSXX/
VN_03_00_0195_02_01	/dragennfs/area9/analysis/200227_A00858_0030_BHY7KHDSXX/
VN_03_00_0196_01_01	/dragennfs/area9/analysis/200227_A00858_0030_BHY7KHDSXX/
VN_03_00_0197_02_01	/dragennfs/area9/analysis/200227_A00858_0030_BHY7KHDSXX/
VN_03_01_0198_01_01	/dragennfs/area9/analysis/200227_A00858_0030_BHY7KHDSXX/
VN_03_00_0199_02_01	/dragennfs/area10/analysis/200425_A00858_0035_AH5WYYDSXY/
VN_03_01_0200_02_01	/dragennfs/area10/analysis/200425_A00858_0035_AH5WYYDSXY/
VN_03_01_0201_01_01	/dragennfs/area3/analysis/191218_A00858_0020_BHWTJ7DSXX/
VN_01_00_0203_01_01	/dragennfs/area9/analysis/200227_A00858_0030_BHY7KHDSXX/
VN_01_00_0204_01_01	/dragennfs/area3/analysis/191218_A00858_0020_BHWTJ7DSXX/
VN_01_00_0205_01_01	/dragennfs/area3/analysis/191218_A00858_0020_BHWTJ7DSXX/
VN_01_00_0206_01_01	/dragennfs/area9/analysis/200227_A00858_0030_BHY7KHDSXX/
VN_01_00_0207_01_01	/dragennfs/area3/analysis/191218_A00858_0020_BHWTJ7DSXX/
VN_01_01_0208_01_01	/dragennfs/area9/analysis/200227_A00858_0030_BHY7KHDSXX/
VN_01_00_0209_01_01	/dragennfs/area9/analysis/200227_A00858_0030_BHY7KHDSXX/
VN_01_00_0210_01_01	/dragennfs/area10/analysis/200323_A00858_0031_AH7CGWDSXY/
VN_01_00_0211_01_01	/dragennfs/area10/analysis/200323_A00858_0031_AH7CGWDSXY/
VN_03_00_0212_01_01	/dragennfs/area10/analysis/200323_A00858_0031_AH7CGWDSXY/
VN_03_00_0213_01_01	/dragennfs/area2/analysis/191007_A00858_0014_BHLW7LDSXX/
VN_03_01_0214_02_01	/dragennfs/area10/analysis/200425_A00858_0035_AH5WYYDSXY/
VN_03_01_0215_02_01	/dragennfs/area10/analysis/200323_A00858_0031_AH7CGWDSXY/
VN_03_00_0216_02_01	/dragennfs/area10/analysis/200425_A00858_0035_AH5WYYDSXY/
VN_01_00_0219_01_01	/dragennfs/area10/analysis/200323_A00858_0031_AH7CGWDSXY/
VN_01_01_0221_01_01	/dragennfs/area10/analysis/200323_A00858_0031_AH7CGWDSXY/
VN_01_00_0223_01_01	/dragennfs/area2/analysis/191007_A00858_0014_BHLW7LDSXX/
VN_01_01_0225_01_01	/dragennfs/area2/analysis/191007_A00858_0014_BHLW7LDSXX/
VN_01_01_0227_01_01	/dragennfs/area10/analysis/200425_A00858_0035_AH5WYYDSXY/
VN_01_01_0228_01_01	/dragennfs/area2/analysis/191007_A00858_0014_BHLW7LDSXX/
VN_02_01_0229_02_01	/dragennfs/area10/analysis/200425_A00858_0035_AH5WYYDSXY/
VN_02_00_0231_01_01	/dragennfs/area10/analysis/200409_A00858_0034_AH7CL5DSXY/
VN_02_01_0232_01_01	/dragennfs/area10/analysis/200323_A00858_0031_AH7CGWDSXY/
VN_02_01_0233_01_01	/dragennfs/area10/analysis/200323_A00858_0031_AH7CGWDSXY/
VN_02_00_0234_01_01	/dragennfs/area10/analysis/200323_A00858_0031_AH7CGWDSXY/
VN_02_00_0236_01_01	/dragennfs/area2/analysis/191007_A00858_0014_BHLW7LDSXX/
VN_02_00_0237_01_01	/dragennfs/area10/analysis/200409_A00858_0034_AH7CL5DSXY/
VN_02_01_0238_02_01	/dragennfs/area10/analysis/200425_A00858_0035_AH5WYYDSXY/
VN_02_00_0239_01_01	/dragennfs/area10/analysis/200409_A00858_0034_AH7CL5DSXY/
VN_02_00_0240_01_01	/dragennfs/area10/analysis/200409_A00858_0034_AH7CL5DSXY/
VN_02_01_0241_01_01	/dragennfs/area10/analysis/200323_A00858_0031_AH7CGWDSXY/
VN_02_01_0242_01_01	/dragennfs/area10/analysis/200323_A00858_0031_AH7CGWDSXY/
VN_02_01_0243_01_01	/dragennfs/area9/analysis/200214_A00858_0028_BH2GW5DSXY/
VN_02_01_0244_01_01	/dragennfs/area9/analysis/200214_A00858_0028_BH2GW5DSXY/
VN_02_01_0245_03_01	/dragennfs/area4/analysis/200525_A00858_0040_AH5WTFDSXY/
VN_04_00_0246_01_01	/dragennfs/area4/analysis/200514_A00858_0039_AH5Y2WDSXY/
VN_04_00_0248_01_01	/dragennfs/area10/analysis/200323_A00858_0031_AH7CGWDSXY/
VN_04_01_0250_01_01	/dragennfs/area10/analysis/200323_A00858_0031_AH7CGWDSXY/
VN_04_00_0251_01_01	/dragennfs/area10/analysis/200323_A00858_0031_AH7CGWDSXY/
VN_04_00_0253_01_01	/dragennfs/area10/analysis/200425_A00858_0035_AH5WYYDSXY/
VN_04_01_0254_01_01	/dragennfs/area10/analysis/200425_A00858_0035_AH5WYYDSXY/
VN_04_00_0255_01_01	/dragennfs/area10/analysis/200323_A00858_0031_AH7CGWDSXY/
VN_04_00_0256_01_01	/dragennfs/area10/analysis/200425_A00858_0035_AH5WYYDSXY/
VN_04_01_0257_01_01	/dragennfs/area10/analysis/200425_A00858_0035_AH5WYYDSXY/
VN_04_01_0258_01_01	/dragennfs/area10/analysis/200425_A00858_0035_AH5WYYDSXY/
VN_04_00_0259_01_01	/dragennfs/area10/analysis/200425_A00858_0035_AH5WYYDSXY/
VN_04_01_0261_01_01	/dragennfs/area10/analysis/200425_A00858_0035_AH5WYYDSXY/
VN_04_01_0262_01_01	/dragennfs/area10/analysis/200425_A00858_0035_AH5WYYDSXY/
VN_04_00_0264_01_01	/dragennfs/area10/analysis/200425_A00858_0035_AH5WYYDSXY/
VN_04_00_0265_01_01	/dragennfs/area10/analysis/200425_A00858_0035_AH5WYYDSXY/
VN_04_00_0266_01_01	/dragennfs/area10/analysis/200425_A00858_0035_AH5WYYDSXY/
VN_04_00_0267_01_01	/dragennfs/area10/analysis/200427_A00858_0036_AH5Y37DSXY/
VN_04_00_0271_01_01	/dragennfs/area10/analysis/200427_A00858_0036_AH5Y37DSXY/
VN_04_01_0272_01_01	/dragennfs/area4/analysis/200530_A00858_0041_AH5WFYDSXY/
VN_04_00_0273_01_01	/dragennfs/area4/analysis/200530_A00858_0041_AH5WFYDSXY/
VN_04_01_0274_01_01	/dragennfs/area10/analysis/200427_A00858_0036_AH5Y37DSXY/
VN_04_01_0275_01_01	/dragennfs/area10/analysis/200427_A00858_0036_AH5Y37DSXY/
VN_04_01_0277_01_01	/dragennfs/area10/analysis/200427_A00858_0036_AH5Y37DSXY/
VN_04_00_0278_01_01	/dragennfs/area10/analysis/200427_A00858_0036_AH5Y37DSXY/
VN_04_00_0279_01_01	/dragennfs/area4/analysis/200530_A00858_0041_AH5WFYDSXY/
VN_04_00_0280_01_01	/dragennfs/area4/analysis/200530_A00858_0042_BH5WFCDSXY/
VN_04_01_0285_01_01	/dragennfs/area10/analysis/200427_A00858_0036_AH5Y37DSXY/
VN_04_01_0286_01_01	/dragennfs/area10/analysis/200427_A00858_0036_AH5Y37DSXY/
VN_04_01_0287_01_01	/dragennfs/area4/analysis/200530_A00858_0041_AH5WFYDSXY/
VN_04_01_0289_01_01	/dragennfs/area10/analysis/200427_A00858_0036_AH5Y37DSXY/
VN_04_01_0291_01_01	/dragennfs/area10/analysis/200427_A00858_0036_AH5Y37DSXY/
VN_04_01_0292_01_01	/dragennfs/area10/analysis/200427_A00858_0036_AH5Y37DSXY/
VN_04_00_0293_01_01	/dragennfs/area10/analysis/200427_A00858_0036_AH5Y37DSXY/
VN_04_00_0294_01_01	/dragennfs/area2/analysis/191209_A00858_0018_BHNMNLDSXX/
VN_01_00_0296_01_01	/dragennfs/area10/analysis/200427_A00858_0036_AH5Y37DSXY/
VN_01_00_0298_01_01	/dragennfs/area4/analysis/200525_A00858_0040_AH5WTFDSXY/
VN_01_00_0300_01_01	/dragennfs/area4/analysis/200530_A00858_0041_AH5WFYDSXY/
VN_01_00_0303_01_01	/dragennfs/area10/analysis/200323_A00858_0031_AH7CGWDSXY/
VN_01_01_0304_01_01	/dragennfs/area10/analysis/200323_A00858_0031_AH7CGWDSXY/
VN_01_00_0305_01_01	/dragennfs/area10/analysis/200427_A00858_0036_AH5Y37DSXY/
VN_01_01_0310_01_01	/dragennfs/area12/analysis/200323_A00858_0032_BH7CK3DSXY/
VN_01_00_0311_01_01	/dragennfs/area2/analysis/191209_A00858_0018_BHNMNLDSXX/
VN_03_00_0312_01_01	/dragennfs/area10/analysis/200427_A00858_0036_AH5Y37DSXY/
VN_01_01_0316_01_01	/dragennfs/area10/analysis/200427_A00858_0036_AH5Y37DSXY/
VN_01_01_0317_01_01	/dragennfs/area10/analysis/200427_A00858_0036_AH5Y37DSXY/
VN_01_00_0319_01_01	/dragennfs/area12/analysis/200323_A00858_0032_BH7CK3DSXY/
VN_01_00_0323_01_01	/dragennfs/area12/analysis/200323_A00858_0032_BH7CK3DSXY/
VN_01_00_0325_01_01	/dragennfs/area4/analysis/200530_A00858_0041_AH5WFYDSXY/
VN_01_00_0326_01_01	/dragennfs/area10/analysis/200427_A00858_0036_AH5Y37DSXY/
VN_01_00_0327_01_01	/dragennfs/area4/analysis/200511_A00858_0038_AHC5VYDSXY/
VN_01_00_0329_01_01	/dragennfs/area4/analysis/200511_A00858_0038_AHC5VYDSXY/
VN_01_01_0331_01_01	/dragennfs/area4/analysis/200511_A00858_0038_AHC5VYDSXY/
VN_01_00_0332_01_01	/dragennfs/area2/analysis/191209_A00858_0018_BHNMNLDSXX/
VN_01_01_0333_01_01	/dragennfs/area2/analysis/191209_A00858_0018_BHNMNLDSXX/
VN_01_01_0334_01_01	/dragennfs/area4/analysis/200511_A00858_0038_AHC5VYDSXY/
VN_01_00_0335_01_01	/dragennfs/area4/analysis/200511_A00858_0038_AHC5VYDSXY/
VN_01_01_0336_01_01	/dragennfs/area4/analysis/200511_A00858_0038_AHC5VYDSXY/
VN_01_00_0337_01_01	/dragennfs/area4/analysis/200530_A00858_0042_BH5WFCDSXY/
VN_01_00_0338_01_01	/dragennfs/area4/analysis/200530_A00858_0041_AH5WFYDSXY/
VN_01_01_0340_01_01	/dragennfs/area4/analysis/200511_A00858_0038_AHC5VYDSXY/
VN_03_00_0342_01_01	/dragennfs/area4/analysis/200530_A00858_0041_AH5WFYDSXY/
VN_03_00_0343_01_01	/dragennfs/area4/analysis/200511_A00858_0038_AHC5VYDSXY/
VN_03_00_0344_01_01	/dragennfs/area4/analysis/200530_A00858_0042_BH5WFCDSXY/
VN_03_00_0345_01_01	/dragennfs/area4/analysis/200530_A00858_0041_AH5WFYDSXY/
VN_03_00_0346_01_01	/dragennfs/area4/analysis/200511_A00858_0038_AHC5VYDSXY/
VN_03_00_0348_01_01	/dragennfs/area4/analysis/200511_A00858_0038_AHC5VYDSXY/
VN_03_00_0349_01_01	/dragennfs/area4/analysis/200530_A00858_0041_AH5WFYDSXY/
VN_03_01_0350_01_01	/dragennfs/area4/analysis/200511_A00858_0038_AHC5VYDSXY/
VN_03_00_0351_01_01	/dragennfs/area4/analysis/200511_A00858_0038_AHC5VYDSXY/
VN_03_00_0354_01_01	/dragennfs/area4/analysis/200511_A00858_0038_AHC5VYDSXY/
VN_03_00_0355_01_01	/dragennfs/area3/analysis/191102_A00858_0015_AHLW52DSXX/
VN_03_00_0356_02_01	/dragennfs/area4/analysis/200511_A00858_0038_AHC5VYDSXY/
VN_03_00_0357_01_01	/dragennfs/area3/analysis/191102_A00858_0015_AHLW52DSXX/
VN_03_01_0358_02_01	/dragennfs/area4/analysis/200511_A00858_0038_AHC5VYDSXY/
VN_03_01_0359_01_01	/dragennfs/area4/analysis/200511_A00858_0038_AHC5VYDSXY/
VN_03_01_0360_01_01	/dragennfs/area4/analysis/200511_A00858_0038_AHC5VYDSXY/
VN_03_00_0361_01_01	/dragennfs/area4/analysis/200511_A00858_0038_AHC5VYDSXY/
VN_03_00_0364_01_01	/dragennfs/area3/analysis/191102_A00858_0015_AHLW52DSXX/
VN_03_00_0365_01_01	/dragennfs/area3/analysis/191102_A00858_0015_AHLW52DSXX/
VN_03_00_0366_01_01	/dragennfs/area3/analysis/191102_A00858_0015_AHLW52DSXX/
VN_03_00_0375_01_01	/dragennfs/area10/analysis/200409_A00858_0034_AH7CL5DSXY/
VN_03_00_0376_01_01	/dragennfs/area3/analysis/191102_A00858_0015_AHLW52DSXX/
VN_01_00_0378_01_01	/dragennfs/area4/analysis/200511_A00858_0038_AHC5VYDSXY/
VN_02_01_0379_01_01	/dragennfs/area4/analysis/200530_A00858_0041_AH5WFYDSXY/
VN_02_00_0380_01_01	/dragennfs/area10/analysis/200409_A00858_0034_AH7CL5DSXY/
VN_02_00_0381_01_01	/dragennfs/area10/analysis/200409_A00858_0034_AH7CL5DSXY/
VN_02_00_0382_01_01	/dragennfs/area3/analysis/191102_A00858_0015_AHLW52DSXX/
VN_02_01_0383_01_01	/dragennfs/area3/analysis/191102_A00858_0015_AHLW52DSXX/
VN_02_00_0384_01_01	/dragennfs/area3/analysis/191102_A00858_0015_AHLW52DSXX/
VN_02_00_0385_01_01	/dragennfs/area3/analysis/191102_A00858_0015_AHLW52DSXX/
VN_02_01_0386_01_01	/dragennfs/area3/analysis/191102_A00858_0015_AHLW52DSXX/
VN_02_01_0387_02_01	/dragennfs/area10/analysis/200409_A00858_0034_AH7CL5DSXY/
VN_02_01_0388_03_01	/dragennfs/area4/analysis/200530_A00858_0042_BH5WFCDSXY/
VN_02_00_0389_01_01	/dragennfs/area3/analysis/191102_A00858_0015_AHLW52DSXX/
VN_03_00_0390_01_01	/dragennfs/area4/analysis/200530_A00858_0041_AH5WFYDSXY/
VN_03_00_0397_01_01	/dragennfs/area4/analysis/200514_A00858_0039_AH5Y2WDSXY/
VN_03_00_0401_01_01	/dragennfs/area9/analysis/200131_A00858_0027_AH2K3CDSXY/
VN_03_00_0402_01_01	/dragennfs/area4/analysis/200514_A00858_0039_AH5Y2WDSXY/
VN_03_00_0405_01_01	/dragennfs/area9/analysis/200131_A00858_0027_AH2K3CDSXY/
VN_03_00_0406_01_01	/dragennfs/area9/analysis/200131_A00858_0027_AH2K3CDSXY/
VN_03_00_0407_01_01	/dragennfs/area4/analysis/200514_A00858_0039_AH5Y2WDSXY/
VN_03_00_0409_01_01	/dragennfs/area4/analysis/200511_A00858_0038_AHC5VYDSXY/
VN_01_01_0411_01_01	/dragennfs/area9/analysis/200131_A00858_0026_BH2HV5DSXY/
VN_01_00_0414_01_01	/dragennfs/area4/analysis/200514_A00858_0039_AH5Y2WDSXY/
VN_01_00_0415_01_01	/dragennfs/area9/analysis/200131_A00858_0026_BH2HV5DSXY/
VN_03_00_0417_01_01	/dragennfs/area10/analysis/200323_A00858_0031_AH7CGWDSXY/
VN_03_01_0418_01_01	/dragennfs/area4/analysis/200511_A00858_0038_AHC5VYDSXY/
VN_01_00_0420_01_01	/dragennfs/area9/analysis/200131_A00858_0026_BH2HV5DSXY/
VN_03_01_0421_01_01	/dragennfs/area4/analysis/200511_A00858_0038_AHC5VYDSXY/
VN_03_01_0422_01_01	/dragennfs/area4/analysis/200525_A00858_0040_AH5WTFDSXY/
VN_03_01_0423_01_01	/dragennfs/area4/analysis/200525_A00858_0040_AH5WTFDSXY/
VN_03_00_0426_01_01	/dragennfs/area4/analysis/200511_A00858_0038_AHC5VYDSXY/
VN_03_00_0427_01_01	/dragennfs/area9/analysis/200131_A00858_0026_BH2HV5DSXY/
VN_03_01_0428_01_01	/dragennfs/area10/analysis/200429_A00858_0037_AHC5VCDSXY/
VN_03_01_0429_01_01	/dragennfs/area9/analysis/200131_A00858_0026_BH2HV5DSXY/
VN_03_01_0430_01_01	/dragennfs/area10/analysis/200429_A00858_0037_AHC5VCDSXY/
VN_03_01_0431_01_01	/dragennfs/area9/analysis/200131_A00858_0026_BH2HV5DSXY/
VN_03_01_0432_01_01	/dragennfs/area10/analysis/200409_A00858_0034_AH7CL5DSXY/
VN_03_00_0433_01_01	/dragennfs/area9/analysis/200131_A00858_0026_BH2HV5DSXY/
VN_03_01_0434_01_01	/dragennfs/area9/analysis/200131_A00858_0026_BH2HV5DSXY/
VN_03_01_0439_01_01	/dragennfs/area4/analysis/200530_A00858_0042_BH5WFCDSXY/
VN_03_01_0440_01_01	/dragennfs/area9/analysis/200131_A00858_0026_BH2HV5DSXY/
VN_03_00_0443_01_01	/dragennfs/area10/analysis/200429_A00858_0037_AHC5VCDSXY/
VN_03_00_0444_01_01	/dragennfs/area10/analysis/200409_A00858_0033_BH7CKYDSXY/
VN_03_00_0445_01_01	/dragennfs/area10/analysis/200409_A00858_0033_BH7CKYDSXY/
VN_03_01_0446_01_01	/dragennfs/area10/analysis/200429_A00858_0037_AHC5VCDSXY/
VN_03_00_0447_01_01	/dragennfs/area10/analysis/200429_A00858_0037_AHC5VCDSXY/
VN_03_01_0448_01_01	/dragennfs/area10/analysis/200429_A00858_0037_AHC5VCDSXY/
VN_03_01_0449_01_01	/dragennfs/area10/analysis/200409_A00858_0033_BH7CKYDSXY/
VN_03_01_0450_01_01	/dragennfs/area4/analysis/200525_A00858_0040_AH5WTFDSXY/
VN_03_00_0451_01_01	/dragennfs/area10/analysis/200409_A00858_0033_BH7CKYDSXY/
VN_03_01_0454_01_01	/dragennfs/area10/analysis/200429_A00858_0037_AHC5VCDSXY/
VN_03_00_0457_01_01	/dragennfs/area10/analysis/200409_A00858_0034_AH7CL5DSXY/
VN_03_01_0458_01_01	/dragennfs/area10/analysis/200409_A00858_0034_AH7CL5DSXY/
VN_03_00_0459_01_01	/dragennfs/area10/analysis/200409_A00858_0034_AH7CL5DSXY/
VN_03_01_0461_01_01	/dragennfs/area4/analysis/200530_A00858_0041_AH5WFYDSXY/
VN_03_01_0463_01_01	/dragennfs/area10/analysis/200409_A00858_0033_BH7CKYDSXY/
VN_03_01_0465_01_01	/dragennfs/area10/analysis/200429_A00858_0037_AHC5VCDSXY/
VN_03_01_0466_01_01	/dragennfs/area10/analysis/200409_A00858_0033_BH7CKYDSXY/
VN_03_01_0467_01_01	/dragennfs/area10/analysis/200409_A00858_0033_BH7CKYDSXY/
VN_03_01_0470_01_01	/dragennfs/area5/analysis/191231_A00858_0023_AHY7L2DSXX/
VN_03_01_0471_01_01	/dragennfs/area10/analysis/200409_A00858_0033_BH7CKYDSXY/
VN_03_01_0472_01_01	/dragennfs/area10/analysis/200409_A00858_0033_BH7CKYDSXY/
VN_03_01_0473_01_01	/dragennfs/area5/analysis/191231_A00858_0023_AHY7L2DSXX/
VN_03_00_0474_01_01	/dragennfs/area5/analysis/191231_A00858_0023_AHY7L2DSXX/
VN_03_01_0475_01_01	/dragennfs/area10/analysis/200429_A00858_0037_AHC5VCDSXY/
VN_03_01_0476_01_01	/dragennfs/area10/analysis/200429_A00858_0037_AHC5VCDSXY/
VN_03_01_0477_01_01	/dragennfs/area5/analysis/191231_A00858_0023_AHY7L2DSXX/
VN_03_01_0478_01_01	/dragennfs/area5/analysis/191231_A00858_0023_AHY7L2DSXX/
VN_03_01_0479_01_01	/dragennfs/area10/analysis/200409_A00858_0034_AH7CL5DSXY/
VN_03_00_0480_01_01	/dragennfs/area4/analysis/200530_A00858_0041_AH5WFYDSXY/
VN_03_00_0482_01_01	/dragennfs/area10/analysis/200409_A00858_0034_AH7CL5DSXY/
VN_03_00_0483_01_01	/dragennfs/area4/analysis/200525_A00858_0040_AH5WTFDSXY/
VN_03_00_0485_01_01	/dragennfs/area10/analysis/200409_A00858_0034_AH7CL5DSXY/
VN_03_01_0486_01_01	/dragennfs/area4/analysis/200530_A00858_0042_BH5WFCDSXY/
VN_03_00_0487_01_01	/dragennfs/area5/analysis/191231_A00858_0023_AHY7L2DSXX/
VN_03_00_0488_01_01	/dragennfs/area5/analysis/191231_A00858_0023_AHY7L2DSXX/
VN_03_00_0489_01_01	/dragennfs/area5/analysis/191231_A00858_0023_AHY7L2DSXX/
VN_03_00_0490_01_01	/dragennfs/area10/analysis/200429_A00858_0037_AHC5VCDSXY/
VN_01_01_0491_01_01	/dragennfs/area5/analysis/191202_A00858_0017_BHN2LWDSXX/
VN_01_01_0492_01_01	/dragennfs/area5/analysis/191202_A00858_0017_BHN2LWDSXX/
VN_01_01_0493_01_01	/dragennfs/area5/analysis/191202_A00858_0017_BHN2LWDSXX/
VN_01_00_0494_01_01	/dragennfs/area5/analysis/191202_A00858_0017_BHN2LWDSXX/
VN_01_01_0495_01_01	/dragennfs/area5/analysis/191202_A00858_0017_BHN2LWDSXX/
VN_01_01_0496_01_01	/dragennfs/area5/analysis/191202_A00858_0017_BHN2LWDSXX/
VN_01_00_0497_01_01	/dragennfs/area5/analysis/191202_A00858_0017_BHN2LWDSXX/
VN_01_00_0498_01_01	/dragennfs/area5/analysis/191202_A00858_0017_BHN2LWDSXX/
VN_02_00_0499_02_01	/dragennfs/area4/analysis/200530_A00858_0042_BH5WFCDSXY/
VN_02_00_0500_01_01	/dragennfs/area5/analysis/191202_A00858_0017_BHN2LWDSXX/
VN_02_00_0501_02_01	/dragennfs/area10/analysis/200429_A00858_0037_AHC5VCDSXY/
VN_02_00_0502_01_01	/dragennfs/area4/analysis/200530_A00858_0042_BH5WFCDSXY/
VN_02_01_0503_01_01	/dragennfs/area4/analysis/200530_A00858_0042_BH5WFCDSXY/
VN_02_01_0505_01_01	/dragennfs/area4/analysis/200530_A00858_0042_BH5WFCDSXY/
VN_02_00_0506_01_01	/dragennfs/area5/analysis/191231_A00858_0023_AHY7L2DSXX/
VN_02_00_0507_01_01	/dragennfs/area9/analysis/200214_A00858_0028_BH2GW5DSXY/
VN_02_00_0508_01_01	/dragennfs/area5/analysis/191231_A00858_0023_AHY7L2DSXX/
VN_02_00_0509_01_01	/dragennfs/area4/analysis/200530_A00858_0042_BH5WFCDSXY/
VN_02_00_0510_01_01	/dragennfs/area10/analysis/200429_A00858_0037_AHC5VCDSXY/
VN_02_01_0511_01_01	/dragennfs/area4/analysis/200530_A00858_0042_BH5WFCDSXY/
VN_02_00_0512_01_01	/dragennfs/area4/analysis/200530_A00858_0042_BH5WFCDSXY/
VN_02_00_0513_01_01	/dragennfs/area4/analysis/200530_A00858_0042_BH5WFCDSXY/
VN_02_00_0514_02_01	/dragennfs/area4/analysis/200525_A00858_0040_AH5WTFDSXY/
VN_02_00_0516_01_01	/dragennfs/area10/analysis/200409_A00858_0033_BH7CKYDSXY/
VN_02_01_0517_01_01	/dragennfs/area5/analysis/191231_A00858_0023_AHY7L2DSXX/
VN_02_00_0518_01_01	/dragennfs/area4/analysis/200530_A00858_0042_BH5WFCDSXY/
VN_02_01_0519_01_01	/dragennfs/area5/analysis/191231_A00858_0023_AHY7L2DSXX/
VN_02_00_0520_01_01	/dragennfs/area4/analysis/200530_A00858_0042_BH5WFCDSXY/
VN_02_00_0521_01_01	/dragennfs/area5/analysis/191231_A00858_0023_AHY7L2DSXX/
VN_02_00_0523_01_01	/dragennfs/area5/analysis/191231_A00858_0023_AHY7L2DSXX/
VN_02_01_0525_01_01	/dragennfs/area10/analysis/200409_A00858_0033_BH7CKYDSXY/
VN_02_01_0526_01_01	/dragennfs/area12/analysis/200323_A00858_0032_BH7CK3DSXY/
VN_02_01_0527_01_01	/dragennfs/area10/analysis/200429_A00858_0037_AHC5VCDSXY/
VN_02_00_0528_01_01	/dragennfs/area12/analysis/200323_A00858_0032_BH7CK3DSXY/
VN_02_00_0529_01_01	/dragennfs/area9/analysis/200214_A00858_0028_BH2GW5DSXY/
VN_02_01_0530_01_01	/dragennfs/area5/analysis/191231_A00858_0023_AHY7L2DSXX/
VN_02_01_0531_01_01	/dragennfs/area10/analysis/200409_A00858_0033_BH7CKYDSXY/
VN_02_00_0532_01_01	/dragennfs/area10/analysis/200409_A00858_0033_BH7CKYDSXY/
VN_03_00_0535_01_01	/dragennfs/area10/analysis/200429_A00858_0037_AHC5VCDSXY/
VN_03_01_0536_01_01	/dragennfs/area4/analysis/200525_A00858_0040_AH5WTFDSXY/
VN_03_00_0537_01_01	/dragennfs/area10/analysis/200409_A00858_0033_BH7CKYDSXY/
VN_03_00_0539_01_01	/dragennfs/area10/analysis/200429_A00858_0037_AHC5VCDSXY/
VN_03_01_0542_01_01	/dragennfs/area5/analysis/191231_A00858_0023_AHY7L2DSXX/
VN_03_00_0543_01_01	/dragennfs/area10/analysis/200409_A00858_0034_AH7CL5DSXY/
VN_03_01_0545_01_01	/dragennfs/area10/analysis/200409_A00858_0033_BH7CKYDSXY/
VN_03_00_0547_01_01	/dragennfs/area10/analysis/200429_A00858_0037_AHC5VCDSXY/
VN_03_00_0548_01_01	/dragennfs/area5/analysis/191231_A00858_0023_AHY7L2DSXX/
VN_03_00_0549_01_01	/dragennfs/area5/analysis/191231_A00858_0023_AHY7L2DSXX/
VN_03_00_0550_01_01	/dragennfs/area5/analysis/191231_A00858_0022_BHTMJHDSXX/
VN_03_00_0551_01_01	/dragennfs/area10/analysis/200429_A00858_0037_AHC5VCDSXY/
VN_02_01_0552_01_01	/dragennfs/area5/analysis/191231_A00858_0022_BHTMJHDSXX/
VN_02_00_0553_01_01	/dragennfs/area5/analysis/191231_A00858_0023_AHY7L2DSXX/
VN_02_00_0554_01_01	/dragennfs/area5/analysis/191231_A00858_0023_AHY7L2DSXX/
VN_02_00_0555_01_01	/dragennfs/area5/analysis/191231_A00858_0023_AHY7L2DSXX/
VN_02_01_0556_01_01	/dragennfs/area5/analysis/191202_A00858_0017_BHN2LWDSXX/
VN_02_00_0557_01_01	/dragennfs/area5/analysis/191231_A00858_0022_BHTMJHDSXX/
VN_02_00_0558_01_01	/dragennfs/area9/analysis/200214_A00858_0028_BH2GW5DSXY/
VN_02_00_0559_01_01	/dragennfs/area5/analysis/191231_A00858_0022_BHTMJHDSXX/
VN_02_00_0560_01_01	/dragennfs/area9/analysis/200214_A00858_0028_BH2GW5DSXY/
VN_02_01_0561_01_01	/dragennfs/area5/analysis/191231_A00858_0022_BHTMJHDSXX/
VN_02_01_0562_01_01	/dragennfs/area10/analysis/200429_A00858_0037_AHC5VCDSXY/
VN_02_01_0563_01_01	/dragennfs/area5/analysis/191231_A00858_0022_BHTMJHDSXX/
VN_02_00_0565_01_01	/dragennfs/area12/analysis/200323_A00858_0032_BH7CK3DSXY/
VN_02_00_0566_01_01	/dragennfs/area10/analysis/200429_A00858_0037_AHC5VCDSXY/
VN_02_01_0567_01_01	/dragennfs/area5/analysis/191231_A00858_0022_BHTMJHDSXX/
VN_02_00_0568_01_01	/dragennfs/area5/analysis/191231_A00858_0022_BHTMJHDSXX/
VN_02_00_0569_01_01	/dragennfs/area5/analysis/191231_A00858_0022_BHTMJHDSXX/
VN_02_01_0570_01_01	/dragennfs/area5/analysis/191231_A00858_0022_BHTMJHDSXX/
VN_02_01_0571_01_01	/dragennfs/area5/analysis/191231_A00858_0022_BHTMJHDSXX/
VN_02_00_0572_01_01	/dragennfs/area5/analysis/191231_A00858_0022_BHTMJHDSXX/
VN_02_01_0573_01_01	/dragennfs/area5/analysis/191231_A00858_0022_BHTMJHDSXX/
VN_02_00_0574_01_01	/dragennfs/area5/analysis/191231_A00858_0022_BHTMJHDSXX/
VN_02_01_0575_01_01	/dragennfs/area9/analysis/200214_A00858_0028_BH2GW5DSXY/
VN_02_01_0576_01_01	/dragennfs/area5/analysis/191231_A00858_0022_BHTMJHDSXX/
VN_02_01_0577_01_01	/dragennfs/area3/analysis/191218_A00858_0020_BHWTJ7DSXX/
VN_02_00_0578_01_01	/dragennfs/area3/analysis/191218_A00858_0020_BHWTJ7DSXX/
VN_02_00_0579_01_01	/dragennfs/area9/analysis/200214_A00858_0028_BH2GW5DSXY/
VN_02_00_0580_01_01	/dragennfs/area9/analysis/200214_A00858_0028_BH2GW5DSXY/
VN_02_01_0581_01_01	/dragennfs/area9/analysis/200214_A00858_0028_BH2GW5DSXY/
VN_02_00_0582_01_01	/dragennfs/area9/analysis/200214_A00858_0028_BH2GW5DSXY/
VN_02_00_0583_01_01	/dragennfs/area12/analysis/200323_A00858_0032_BH7CK3DSXY/
VN_02_01_0585_01_01	/dragennfs/area5/analysis/191231_A00858_0022_BHTMJHDSXX/
VN_02_00_0586_01_01	/dragennfs/area5/analysis/191231_A00858_0022_BHTMJHDSXX/
VN_02_01_0587_01_01	/dragennfs/area9/analysis/200214_A00858_0028_BH2GW5DSXY/
VN_02_01_0590_01_01	/dragennfs/area5/analysis/191231_A00858_0022_BHTMJHDSXX/
VN_02_01_0591_02_01	/dragennfs/area10/analysis/200429_A00858_0037_AHC5VCDSXY/
VN_02_00_0593_01_01	/dragennfs/area12/analysis/200323_A00858_0032_BH7CK3DSXY/
VN_02_01_0597_01_01	/dragennfs/area9/analysis/200214_A00858_0028_BH2GW5DSXY/
VN_02_00_0599_01_01	/dragennfs/area9/analysis/200214_A00858_0028_BH2GW5DSXY/
VN_02_01_0600_01_01	/dragennfs/area9/analysis/200214_A00858_0028_BH2GW5DSXY/
VN_02_00_0601_01_01	/dragennfs/area4/analysis/200514_A00858_0039_AH5Y2WDSXY/
VN_01_01_0603_01_01	/dragennfs/area10/analysis/200409_A00858_0034_AH7CL5DSXY/
VN_01_00_0604_01_01	/dragennfs/area4/analysis/200530_A00858_0042_BH5WFCDSXY/
VN_01_00_0605_01_01	/dragennfs/area4/analysis/200530_A00858_0042_BH5WFCDSXY/
VN_01_01_0606_01_01	/dragennfs/area10/analysis/200409_A00858_0034_AH7CL5DSXY/
VN_01_01_0607_01_01	/dragennfs/area4/analysis/200530_A00858_0042_BH5WFCDSXY/
VN_01_00_0608_01_01	/dragennfs/area9/analysis/200214_A00858_0028_BH2GW5DSXY/
VN_02_01_0609_01_01	/dragennfs/area2/analysis/191212_A00858_0019_BHW3KNDSXX/
VN_02_00_0610_01_01	/dragennfs/area2/analysis/191212_A00858_0019_BHW3KNDSXX/
VN_02_01_0612_01_01	/dragennfs/area2/analysis/191212_A00858_0019_BHW3KNDSXX/
VN_02_00_0613_01_01	/dragennfs/area2/analysis/191212_A00858_0019_BHW3KNDSXX/
VN_02_00_0615_01_01	/dragennfs/area2/analysis/191212_A00858_0019_BHW3KNDSXX/
VN_02_01_0620_01_01	/dragennfs/area2/analysis/191212_A00858_0019_BHW3KNDSXX/
VN_02_00_0621_01_01	/dragennfs/area2/analysis/191212_A00858_0019_BHW3KNDSXX/
VN_02_00_0622_01_01	/dragennfs/area2/analysis/191212_A00858_0019_BHW3KNDSXX/
VN_02_01_0624_01_01	/dragennfs/area2/analysis/191212_A00858_0019_BHW3KNDSXX/
VN_02_00_0625_01_01	/dragennfs/area2/analysis/191212_A00858_0019_BHW3KNDSXX/
VN_02_00_0626_01_01	/dragennfs/area2/analysis/191212_A00858_0019_BHW3KNDSXX/
VN_02_01_0627_01_01	/dragennfs/area2/analysis/191212_A00858_0019_BHW3KNDSXX/
VN_02_01_0628_01_01	/dragennfs/area2/analysis/191212_A00858_0019_BHW3KNDSXX/
VN_02_01_0629_01_01	/dragennfs/area2/analysis/191212_A00858_0019_BHW3KNDSXX/
VN_02_00_0630_01_01	/dragennfs/area2/analysis/191212_A00858_0019_BHW3KNDSXX/
VN_02_00_0631_01_01	/dragennfs/area2/analysis/191212_A00858_0019_BHW3KNDSXX/
VN_02_00_0632_01_01	/dragennfs/area2/analysis/191212_A00858_0019_BHW3KNDSXX/
VN_02_00_0633_01_01	/dragennfs/area5/analysis/200113_A00858_0024_AHYCGTDSXX/
VN_02_00_0634_01_01	/dragennfs/area3/analysis/191227_A00858_0021_BHTL77DSXX/
VN_02_01_0635_01_01	/dragennfs/area3/analysis/191227_A00858_0021_BHTL77DSXX/
VN_02_00_0636_01_01	/dragennfs/area3/analysis/191227_A00858_0021_BHTL77DSXX/
VN_02_01_0637_01_01	/dragennfs/area3/analysis/191227_A00858_0021_BHTL77DSXX/
VN_02_01_0638_01_01	/dragennfs/area3/analysis/191227_A00858_0021_BHTL77DSXX/
VN_02_00_0639_01_01	/dragennfs/area3/analysis/191227_A00858_0021_BHTL77DSXX/
VN_02_01_0640_01_01	/dragennfs/area5/analysis/200113_A00858_0024_AHYCGTDSXX/
VN_02_01_0641_01_01	/dragennfs/area3/analysis/191227_A00858_0021_BHTL77DSXX/
VN_02_00_0642_01_01	/dragennfs/area3/analysis/191227_A00858_0021_BHTL77DSXX/
VN_02_01_0643_01_01	/dragennfs/area3/analysis/191227_A00858_0021_BHTL77DSXX/
VN_02_00_0644_01_01	/dragennfs/area3/analysis/191227_A00858_0021_BHTL77DSXX/
VN_02_01_0645_01_01	/dragennfs/area5/analysis/200113_A00858_0024_AHYCGTDSXX/
VN_02_01_0647_01_01	/dragennfs/area3/analysis/191227_A00858_0021_BHTL77DSXX/
VN_02_01_0648_01_01	/dragennfs/area3/analysis/191227_A00858_0021_BHTL77DSXX/
VN_02_01_0649_01_01	/dragennfs/area3/analysis/191227_A00858_0021_BHTL77DSXX/
VN_02_01_0650_01_01	/dragennfs/area3/analysis/191227_A00858_0021_BHTL77DSXX/
VN_02_01_0651_01_01	/dragennfs/area3/analysis/191227_A00858_0021_BHTL77DSXX/
VN_02_01_0652_01_01	/dragennfs/area3/analysis/191227_A00858_0021_BHTL77DSXX/
VN_02_01_0653_01_01	/dragennfs/area5/analysis/191231_A00858_0022_BHTMJHDSXX/
VN_01_00_0654_01_01	/dragennfs/area5/analysis/191231_A00858_0022_BHTMJHDSXX/
VN_01_00_0655_01_01	/dragennfs/area5/analysis/200113_A00858_0025_BH2KG7DSXY/
VN_01_01_0656_01_01	/dragennfs/area5/analysis/200113_A00858_0025_BH2KG7DSXY/
VN_01_01_0657_01_01	/dragennfs/area5/analysis/191231_A00858_0022_BHTMJHDSXX/
VN_01_00_0658_01_01	/dragennfs/area5/analysis/200113_A00858_0024_AHYCGTDSXX/
VN_01_00_0659_01_01	/dragennfs/area5/analysis/200113_A00858_0024_AHYCGTDSXX/
VN_01_00_0661_01_01	/dragennfs/area9/analysis/200227_A00858_0029_AHYKFHDSXX/
VN_01_00_0662_01_01	/dragennfs/area5/analysis/200113_A00858_0024_AHYCGTDSXX/
VN_02_01_0663_01_01	/dragennfs/area5/analysis/200113_A00858_0024_AHYCGTDSXX/
VN_02_01_0664_01_01	/dragennfs/area5/analysis/200113_A00858_0024_AHYCGTDSXX/
VN_02_01_0665_01_01	/dragennfs/area5/analysis/200113_A00858_0024_AHYCGTDSXX/
VN_02_00_0666_01_01	/dragennfs/area9/analysis/200227_A00858_0029_AHYKFHDSXX/
VN_02_01_0667_01_01	/dragennfs/area5/analysis/200113_A00858_0024_AHYCGTDSXX/
VN_02_00_0668_01_01	/dragennfs/area5/analysis/200113_A00858_0024_AHYCGTDSXX/
VN_02_01_0669_01_01	/dragennfs/area5/analysis/200113_A00858_0024_AHYCGTDSXX/
VN_02_00_0670_01_01	/dragennfs/area5/analysis/200113_A00858_0024_AHYCGTDSXX/
VN_02_01_0671_01_01	/dragennfs/area5/analysis/200113_A00858_0024_AHYCGTDSXX/
VN_01_00_0673_01_01	/dragennfs/area5/analysis/200113_A00858_0024_AHYCGTDSXX/
VN_01_00_0674_01_01	/dragennfs/area5/analysis/200113_A00858_0024_AHYCGTDSXX/
VN_01_00_0675_01_01	/dragennfs/area5/analysis/200113_A00858_0024_AHYCGTDSXX/
VN_01_00_0676_01_01	/dragennfs/area5/analysis/200113_A00858_0024_AHYCGTDSXX/
VN_01_00_0677_01_01	/dragennfs/area10/analysis/200429_A00858_0037_AHC5VCDSXY/
VN_01_00_0678_01_01	/dragennfs/area10/analysis/200429_A00858_0037_AHC5VCDSXY/
VN_01_01_0679_01_01	/dragennfs/area12/analysis/200323_A00858_0032_BH7CK3DSXY/
VN_01_00_0680_01_01	/dragennfs/area12/analysis/200323_A00858_0032_BH7CK3DSXY/
VN_01_00_0681_01_01	/dragennfs/area12/analysis/200323_A00858_0032_BH7CK3DSXY/
VN_01_01_0682_01_01	/dragennfs/area4/analysis/200514_A00858_0039_AH5Y2WDSXY/
VN_01_01_0683_01_01	/dragennfs/area12/analysis/200323_A00858_0032_BH7CK3DSXY/
VN_01_01_0684_01_01	/dragennfs/area12/analysis/200323_A00858_0032_BH7CK3DSXY/
VN_01_01_0685_01_01	/dragennfs/area12/analysis/200323_A00858_0032_BH7CK3DSXY/
VN_01_01_0686_01_01	/dragennfs/area12/analysis/200323_A00858_0032_BH7CK3DSXY/
VN_01_01_0687_01_01	/dragennfs/area12/analysis/200323_A00858_0032_BH7CK3DSXY/
VN_01_01_0688_01_01	/dragennfs/area10/analysis/200323_A00858_0031_AH7CGWDSXY/
VN_01_01_0689_01_01	/dragennfs/area10/analysis/200323_A00858_0031_AH7CGWDSXY/
VN_01_01_0690_01_01	/dragennfs/area10/analysis/200323_A00858_0031_AH7CGWDSXY/
VN_01_01_0691_01_01	/dragennfs/area10/analysis/200323_A00858_0031_AH7CGWDSXY/
VN_03_00_0692_01_01	/dragennfs/area4/analysis/200514_A00858_0039_AH5Y2WDSXY/
VN_03_01_0694_01_01	/dragennfs/area4/analysis/200514_A00858_0039_AH5Y2WDSXY/
VN_03_01_0695_01_01	/dragennfs/area4/analysis/200530_A00858_0042_BH5WFCDSXY/
VN_03_01_0698_01_01	/dragennfs/area4/analysis/200514_A00858_0039_AH5Y2WDSXY/
VN_03_01_0700_01_01	/dragennfs/area4/analysis/200530_A00858_0042_BH5WFCDSXY/
VN_03_00_0701_01_01	/dragennfs/area4/analysis/200514_A00858_0039_AH5Y2WDSXY/
VN_03_00_0703_01_01	/dragennfs/area4/analysis/200525_A00858_0040_AH5WTFDSXY/
VN_03_00_0715_01_01	/dragennfs/area4/analysis/200525_A00858_0040_AH5WTFDSXY/
VN_03_01_0717_01_01	/dragennfs/area4/analysis/200525_A00858_0040_AH5WTFDSXY/
VN_03_00_0718_01_01	/dragennfs/area4/analysis/200525_A00858_0040_AH5WTFDSXY/
VN_03_00_0719_01_01	/dragennfs/area4/analysis/200530_A00858_0041_AH5WFYDSXY/
VN_03_00_0720_01_01	/dragennfs/area4/analysis/200525_A00858_0040_AH5WTFDSXY/
VN_03_01_0721_01_01	/dragennfs/area4/analysis/200525_A00858_0040_AH5WTFDSXY/
VN_03_00_0722_01_01	/dragennfs/area4/analysis/200530_A00858_0041_AH5WFYDSXY/
VN_03_00_0725_01_01	/dragennfs/area4/analysis/200525_A00858_0040_AH5WTFDSXY/
VN_03_00_0726_01_01	/dragennfs/area4/analysis/200530_A00858_0041_AH5WFYDSXY/
VN_03_00_0727_01_01	/dragennfs/area4/analysis/200530_A00858_0041_AH5WFYDSXY/
VN_03_00_0728_01_01	/dragennfs/area4/analysis/200525_A00858_0040_AH5WTFDSXY/
VN_03_01_0730_01_01	/dragennfs/area4/analysis/200525_A00858_0040_AH5WTFDSXY/
VN_03_00_0731_01_01	/dragennfs/area4/analysis/200525_A00858_0040_AH5WTFDSXY/
