VN_02_01_0530_01_01	/dragennfs/area5/analysis/191231_A00858_0023_AHY7L2DSXX/
VN_02_01_0531_01_01	/dragennfs/area10/analysis/200409_A00858_0033_BH7CKYDSXY/
VN_02_00_0532_01_01	/dragennfs/area10/analysis/200409_A00858_0033_BH7CKYDSXY/
VN_03_00_0535_01_01	/dragennfs/area10/analysis/200429_A00858_0037_AHC5VCDSXY/
VN_03_01_0536_01_01	/dragennfs/area4/analysis/200525_A00858_0040_AH5WTFDSXY/
VN_03_00_0537_01_01	/dragennfs/area10/analysis/200409_A00858_0033_BH7CKYDSXY/
VN_03_00_0539_01_01	/dragennfs/area10/analysis/200429_A00858_0037_AHC5VCDSXY/
VN_03_01_0542_01_01	/dragennfs/area5/analysis/191231_A00858_0023_AHY7L2DSXX/
VN_03_00_0543_01_01	/dragennfs/area10/analysis/200409_A00858_0034_AH7CL5DSXY/
VN_03_01_0545_01_01	/dragennfs/area10/analysis/200409_A00858_0033_BH7CKYDSXY/
VN_03_00_0547_01_01	/dragennfs/area10/analysis/200429_A00858_0037_AHC5VCDSXY/
VN_03_00_0548_01_01	/dragennfs/area5/analysis/191231_A00858_0023_AHY7L2DSXX/
VN_03_00_0549_01_01	/dragennfs/area5/analysis/191231_A00858_0023_AHY7L2DSXX/
VN_03_00_0550_01_01	/dragennfs/area5/analysis/191231_A00858_0022_BHTMJHDSXX/
VN_03_00_0551_01_01	/dragennfs/area10/analysis/200429_A00858_0037_AHC5VCDSXY/
VN_02_01_0552_01_01	/dragennfs/area5/analysis/191231_A00858_0022_BHTMJHDSXX/
VN_02_00_0553_01_01	/dragennfs/area5/analysis/191231_A00858_0023_AHY7L2DSXX/
VN_02_00_0554_01_01	/dragennfs/area5/analysis/191231_A00858_0023_AHY7L2DSXX/
VN_02_00_0555_01_01	/dragennfs/area5/analysis/191231_A00858_0023_AHY7L2DSXX/
VN_02_01_0556_01_01	/dragennfs/area5/analysis/191202_A00858_0017_BHN2LWDSXX/
VN_02_00_0557_01_01	/dragennfs/area5/analysis/191231_A00858_0022_BHTMJHDSXX/
VN_02_00_0558_01_01	/dragennfs/area9/analysis/200214_A00858_0028_BH2GW5DSXY/
VN_02_00_0559_01_01	/dragennfs/area5/analysis/191231_A00858_0022_BHTMJHDSXX/
VN_02_00_0560_01_01	/dragennfs/area9/analysis/200214_A00858_0028_BH2GW5DSXY/
VN_02_01_0561_01_01	/dragennfs/area5/analysis/191231_A00858_0022_BHTMJHDSXX/
VN_02_01_0562_01_01	/dragennfs/area10/analysis/200429_A00858_0037_AHC5VCDSXY/
VN_02_01_0563_01_01	/dragennfs/area5/analysis/191231_A00858_0022_BHTMJHDSXX/
VN_02_00_0565_01_01	/dragennfs/area12/analysis/200323_A00858_0032_BH7CK3DSXY/
VN_02_00_0566_01_01	/dragennfs/area10/analysis/200429_A00858_0037_AHC5VCDSXY/
VN_02_01_0567_01_01	/dragennfs/area5/analysis/191231_A00858_0022_BHTMJHDSXX/
VN_02_00_0568_01_01	/dragennfs/area5/analysis/191231_A00858_0022_BHTMJHDSXX/
VN_02_00_0569_01_01	/dragennfs/area5/analysis/191231_A00858_0022_BHTMJHDSXX/
VN_02_01_0570_01_01	/dragennfs/area5/analysis/191231_A00858_0022_BHTMJHDSXX/
VN_02_01_0571_01_01	/dragennfs/area5/analysis/191231_A00858_0022_BHTMJHDSXX/
VN_02_00_0572_01_01	/dragennfs/area5/analysis/191231_A00858_0022_BHTMJHDSXX/
VN_02_01_0573_01_01	/dragennfs/area5/analysis/191231_A00858_0022_BHTMJHDSXX/
VN_02_00_0574_01_01	/dragennfs/area5/analysis/191231_A00858_0022_BHTMJHDSXX/
VN_02_01_0575_01_01	/dragennfs/area9/analysis/200214_A00858_0028_BH2GW5DSXY/
VN_02_01_0576_01_01	/dragennfs/area5/analysis/191231_A00858_0022_BHTMJHDSXX/
VN_02_01_0577_01_01	/dragennfs/area3/analysis/191218_A00858_0020_BHWTJ7DSXX/
VN_02_00_0578_01_01	/dragennfs/area3/analysis/191218_A00858_0020_BHWTJ7DSXX/
VN_02_00_0579_01_01	/dragennfs/area9/analysis/200214_A00858_0028_BH2GW5DSXY/
VN_02_00_0580_01_01	/dragennfs/area9/analysis/200214_A00858_0028_BH2GW5DSXY/
VN_02_01_0581_01_01	/dragennfs/area9/analysis/200214_A00858_0028_BH2GW5DSXY/
VN_02_00_0582_01_01	/dragennfs/area9/analysis/200214_A00858_0028_BH2GW5DSXY/
VN_02_00_0583_01_01	/dragennfs/area12/analysis/200323_A00858_0032_BH7CK3DSXY/
VN_02_01_0585_01_01	/dragennfs/area5/analysis/191231_A00858_0022_BHTMJHDSXX/
VN_02_00_0586_01_01	/dragennfs/area5/analysis/191231_A00858_0022_BHTMJHDSXX/
VN_02_01_0587_01_01	/dragennfs/area9/analysis/200214_A00858_0028_BH2GW5DSXY/
VN_02_01_0590_01_01	/dragennfs/area5/analysis/191231_A00858_0022_BHTMJHDSXX/
VN_02_01_0591_02_01	/dragennfs/area10/analysis/200429_A00858_0037_AHC5VCDSXY/
VN_02_00_0593_01_01	/dragennfs/area12/analysis/200323_A00858_0032_BH7CK3DSXY/
VN_02_01_0597_01_01	/dragennfs/area9/analysis/200214_A00858_0028_BH2GW5DSXY/
VN_02_00_0599_01_01	/dragennfs/area9/analysis/200214_A00858_0028_BH2GW5DSXY/
VN_02_01_0600_01_01	/dragennfs/area9/analysis/200214_A00858_0028_BH2GW5DSXY/
VN_02_00_0601_01_01	/dragennfs/area4/analysis/200514_A00858_0039_AH5Y2WDSXY/
VN_01_01_0603_01_01	/dragennfs/area10/analysis/200409_A00858_0034_AH7CL5DSXY/
VN_01_00_0604_01_01	/dragennfs/area4/analysis/200530_A00858_0042_BH5WFCDSXY/
VN_01_00_0605_01_01	/dragennfs/area4/analysis/200530_A00858_0042_BH5WFCDSXY/
VN_01_01_0606_01_01	/dragennfs/area10/analysis/200409_A00858_0034_AH7CL5DSXY/
VN_01_01_0607_01_01	/dragennfs/area4/analysis/200530_A00858_0042_BH5WFCDSXY/
VN_01_00_0608_01_01	/dragennfs/area9/analysis/200214_A00858_0028_BH2GW5DSXY/
VN_02_01_0609_01_01	/dragennfs/area2/analysis/191212_A00858_0019_BHW3KNDSXX/
VN_02_00_0610_01_01	/dragennfs/area2/analysis/191212_A00858_0019_BHW3KNDSXX/
VN_02_01_0612_01_01	/dragennfs/area2/analysis/191212_A00858_0019_BHW3KNDSXX/
VN_02_00_0613_01_01	/dragennfs/area2/analysis/191212_A00858_0019_BHW3KNDSXX/
VN_02_00_0615_01_01	/dragennfs/area2/analysis/191212_A00858_0019_BHW3KNDSXX/
VN_02_01_0620_01_01	/dragennfs/area2/analysis/191212_A00858_0019_BHW3KNDSXX/
VN_02_00_0621_01_01	/dragennfs/area2/analysis/191212_A00858_0019_BHW3KNDSXX/
VN_02_00_0622_01_01	/dragennfs/area2/analysis/191212_A00858_0019_BHW3KNDSXX/
VN_02_01_0624_01_01	/dragennfs/area2/analysis/191212_A00858_0019_BHW3KNDSXX/
VN_02_00_0625_01_01	/dragennfs/area2/analysis/191212_A00858_0019_BHW3KNDSXX/
VN_02_00_0626_01_01	/dragennfs/area2/analysis/191212_A00858_0019_BHW3KNDSXX/
VN_02_01_0627_01_01	/dragennfs/area2/analysis/191212_A00858_0019_BHW3KNDSXX/
VN_02_01_0628_01_01	/dragennfs/area2/analysis/191212_A00858_0019_BHW3KNDSXX/
VN_02_01_0629_01_01	/dragennfs/area2/analysis/191212_A00858_0019_BHW3KNDSXX/
VN_02_00_0630_01_01	/dragennfs/area2/analysis/191212_A00858_0019_BHW3KNDSXX/
VN_02_00_0631_01_01	/dragennfs/area2/analysis/191212_A00858_0019_BHW3KNDSXX/
VN_02_00_0632_01_01	/dragennfs/area2/analysis/191212_A00858_0019_BHW3KNDSXX/
VN_02_00_0633_01_01	/dragennfs/area5/analysis/200113_A00858_0024_AHYCGTDSXX/
VN_02_00_0634_01_01	/dragennfs/area3/analysis/191227_A00858_0021_BHTL77DSXX/
VN_02_01_0635_01_01	/dragennfs/area3/analysis/191227_A00858_0021_BHTL77DSXX/
VN_02_00_0636_01_01	/dragennfs/area3/analysis/191227_A00858_0021_BHTL77DSXX/
VN_02_01_0637_01_01	/dragennfs/area3/analysis/191227_A00858_0021_BHTL77DSXX/
VN_02_01_0638_01_01	/dragennfs/area3/analysis/191227_A00858_0021_BHTL77DSXX/
VN_02_00_0639_01_01	/dragennfs/area3/analysis/191227_A00858_0021_BHTL77DSXX/
VN_02_01_0640_01_01	/dragennfs/area5/analysis/200113_A00858_0024_AHYCGTDSXX/
VN_02_01_0641_01_01	/dragennfs/area3/analysis/191227_A00858_0021_BHTL77DSXX/
VN_02_00_0642_01_01	/dragennfs/area3/analysis/191227_A00858_0021_BHTL77DSXX/
VN_02_01_0643_01_01	/dragennfs/area3/analysis/191227_A00858_0021_BHTL77DSXX/
VN_02_00_0644_01_01	/dragennfs/area3/analysis/191227_A00858_0021_BHTL77DSXX/
VN_02_01_0645_01_01	/dragennfs/area5/analysis/200113_A00858_0024_AHYCGTDSXX/
VN_02_01_0647_01_01	/dragennfs/area3/analysis/191227_A00858_0021_BHTL77DSXX/
VN_02_01_0648_01_01	/dragennfs/area3/analysis/191227_A00858_0021_BHTL77DSXX/
VN_02_01_0649_01_01	/dragennfs/area3/analysis/191227_A00858_0021_BHTL77DSXX/
VN_02_01_0650_01_01	/dragennfs/area3/analysis/191227_A00858_0021_BHTL77DSXX/
VN_02_01_0651_01_01	/dragennfs/area3/analysis/191227_A00858_0021_BHTL77DSXX/
VN_02_01_0652_01_01	/dragennfs/area3/analysis/191227_A00858_0021_BHTL77DSXX/
VN_02_01_0653_01_01	/dragennfs/area5/analysis/191231_A00858_0022_BHTMJHDSXX/
VN_01_00_0654_01_01	/dragennfs/area5/analysis/191231_A00858_0022_BHTMJHDSXX/
VN_01_00_0655_01_01	/dragennfs/area5/analysis/200113_A00858_0025_BH2KG7DSXY/
VN_01_01_0656_01_01	/dragennfs/area5/analysis/200113_A00858_0025_BH2KG7DSXY/
VN_01_01_0657_01_01	/dragennfs/area5/analysis/191231_A00858_0022_BHTMJHDSXX/
VN_01_00_0658_01_01	/dragennfs/area5/analysis/200113_A00858_0024_AHYCGTDSXX/
VN_01_00_0659_01_01	/dragennfs/area5/analysis/200113_A00858_0024_AHYCGTDSXX/
VN_01_00_0661_01_01	/dragennfs/area9/analysis/200227_A00858_0029_AHYKFHDSXX/
VN_01_00_0662_01_01	/dragennfs/area5/analysis/200113_A00858_0024_AHYCGTDSXX/
VN_02_01_0663_01_01	/dragennfs/area5/analysis/200113_A00858_0024_AHYCGTDSXX/
VN_02_01_0664_01_01	/dragennfs/area5/analysis/200113_A00858_0024_AHYCGTDSXX/
VN_02_01_0665_01_01	/dragennfs/area5/analysis/200113_A00858_0024_AHYCGTDSXX/
VN_02_00_0666_01_01	/dragennfs/area9/analysis/200227_A00858_0029_AHYKFHDSXX/
VN_02_01_0667_01_01	/dragennfs/area5/analysis/200113_A00858_0024_AHYCGTDSXX/
VN_02_00_0668_01_01	/dragennfs/area5/analysis/200113_A00858_0024_AHYCGTDSXX/
VN_02_01_0669_01_01	/dragennfs/area5/analysis/200113_A00858_0024_AHYCGTDSXX/
VN_02_00_0670_01_01	/dragennfs/area5/analysis/200113_A00858_0024_AHYCGTDSXX/
VN_02_01_0671_01_01	/dragennfs/area5/analysis/200113_A00858_0024_AHYCGTDSXX/
VN_01_00_0673_01_01	/dragennfs/area5/analysis/200113_A00858_0024_AHYCGTDSXX/
VN_01_00_0674_01_01	/dragennfs/area5/analysis/200113_A00858_0024_AHYCGTDSXX/
VN_01_00_0675_01_01	/dragennfs/area5/analysis/200113_A00858_0024_AHYCGTDSXX/
VN_01_00_0676_01_01	/dragennfs/area5/analysis/200113_A00858_0024_AHYCGTDSXX/
VN_01_00_0677_01_01	/dragennfs/area10/analysis/200429_A00858_0037_AHC5VCDSXY/
VN_01_00_0678_01_01	/dragennfs/area10/analysis/200429_A00858_0037_AHC5VCDSXY/
VN_01_01_0679_01_01	/dragennfs/area12/analysis/200323_A00858_0032_BH7CK3DSXY/
VN_01_00_0680_01_01	/dragennfs/area12/analysis/200323_A00858_0032_BH7CK3DSXY/
VN_01_00_0681_01_01	/dragennfs/area12/analysis/200323_A00858_0032_BH7CK3DSXY/
VN_01_01_0682_01_01	/dragennfs/area4/analysis/200514_A00858_0039_AH5Y2WDSXY/
VN_01_01_0683_01_01	/dragennfs/area12/analysis/200323_A00858_0032_BH7CK3DSXY/
VN_01_01_0684_01_01	/dragennfs/area12/analysis/200323_A00858_0032_BH7CK3DSXY/
VN_01_01_0685_01_01	/dragennfs/area12/analysis/200323_A00858_0032_BH7CK3DSXY/
VN_01_01_0686_01_01	/dragennfs/area12/analysis/200323_A00858_0032_BH7CK3DSXY/
VN_01_01_0687_01_01	/dragennfs/area12/analysis/200323_A00858_0032_BH7CK3DSXY/
VN_01_01_0688_01_01	/dragennfs/area10/analysis/200323_A00858_0031_AH7CGWDSXY/
VN_01_01_0689_01_01	/dragennfs/area10/analysis/200323_A00858_0031_AH7CGWDSXY/
VN_01_01_0690_01_01	/dragennfs/area10/analysis/200323_A00858_0031_AH7CGWDSXY/
VN_01_01_0691_01_01	/dragennfs/area10/analysis/200323_A00858_0031_AH7CGWDSXY/
VN_03_00_0692_01_01	/dragennfs/area4/analysis/200514_A00858_0039_AH5Y2WDSXY/
VN_03_01_0694_01_01	/dragennfs/area4/analysis/200514_A00858_0039_AH5Y2WDSXY/
VN_03_01_0695_01_01	/dragennfs/area4/analysis/200530_A00858_0042_BH5WFCDSXY/
VN_03_01_0698_01_01	/dragennfs/area4/analysis/200514_A00858_0039_AH5Y2WDSXY/
VN_03_01_0700_01_01	/dragennfs/area4/analysis/200530_A00858_0042_BH5WFCDSXY/
VN_03_00_0701_01_01	/dragennfs/area4/analysis/200514_A00858_0039_AH5Y2WDSXY/
VN_03_00_0703_01_01	/dragennfs/area4/analysis/200525_A00858_0040_AH5WTFDSXY/
VN_03_00_0715_01_01	/dragennfs/area4/analysis/200525_A00858_0040_AH5WTFDSXY/
VN_03_01_0717_01_01	/dragennfs/area4/analysis/200525_A00858_0040_AH5WTFDSXY/
VN_03_00_0718_01_01	/dragennfs/area4/analysis/200525_A00858_0040_AH5WTFDSXY/
VN_03_00_0719_01_01	/dragennfs/area4/analysis/200530_A00858_0041_AH5WFYDSXY/
VN_03_00_0720_01_01	/dragennfs/area4/analysis/200525_A00858_0040_AH5WTFDSXY/
VN_03_01_0721_01_01	/dragennfs/area4/analysis/200525_A00858_0040_AH5WTFDSXY/
VN_03_00_0722_01_01	/dragennfs/area4/analysis/200530_A00858_0041_AH5WFYDSXY/
VN_03_00_0725_01_01	/dragennfs/area4/analysis/200525_A00858_0040_AH5WTFDSXY/
VN_03_00_0726_01_01	/dragennfs/area4/analysis/200530_A00858_0041_AH5WFYDSXY/
VN_03_00_0727_01_01	/dragennfs/area4/analysis/200530_A00858_0041_AH5WFYDSXY/
VN_03_00_0728_01_01	/dragennfs/area4/analysis/200525_A00858_0040_AH5WTFDSXY/
VN_03_01_0730_01_01	/dragennfs/area4/analysis/200525_A00858_0040_AH5WTFDSXY/
VN_03_00_0731_01_01	/dragennfs/area4/analysis/200525_A00858_0040_AH5WTFDSXY/
